City_ID,City,Country,Lat,Lng,Max Temp,Humidity,Cloudiness,Wind Speed,Current Description,Date
0,Rikitea,PF,-23.1203,-134.9692,71.02,80,80,13.27,moderate rain,2022-06-29 23:01:38
1,Deputatskiy,RU,69.3,139.9,53.46,39,93,4.23,overcast clouds,2022-06-29 23:01:39
2,Teguldet,RU,57.3064,88.1667,59.77,89,100,7.25,overcast clouds,2022-06-29 23:01:39
3,Port Alfred,ZA,-33.5906,26.891,62.4,38,11,7.27,few clouds,2022-06-29 23:01:39
4,Najran,SA,17.4924,44.1277,79.43,23,61,4.38,broken clouds,2022-06-29 23:01:40
5,Hithadhoo,MV,-0.6,73.0833,81.95,77,62,8.41,broken clouds,2022-06-29 23:01:40
6,Natchez,US,31.5604,-91.4032,75.42,94,40,8.05,moderate rain,2022-06-29 23:01:41
7,Port Elizabeth,ZA,-33.918,25.5701,60.96,44,57,6.08,broken clouds,2022-06-29 23:00:18
8,Mataura,NZ,-46.1927,168.8643,50.49,72,92,10.2,overcast clouds,2022-06-29 23:01:41
9,Hamilton,US,39.1834,-84.5333,86.43,36,0,3.0,clear sky,2022-06-29 22:59:54
10,Ribeira Grande,PT,38.5167,-28.7,68.4,88,75,3.44,broken clouds,2022-06-29 23:01:42
11,Chateaubelair,VC,13.2833,-61.25,78.19,84,100,17.4,overcast clouds,2022-06-29 23:01:43
12,Lavrentiya,RU,65.5833,-171.0,49.23,76,93,13.98,overcast clouds,2022-06-29 23:01:43
13,Georgetown,MY,5.4112,100.3354,76.93,94,20,0.0,moderate rain,2022-06-29 23:00:18
14,Iqaluit,CA,63.7506,-68.5145,50.7,53,65,4.0,broken clouds,2022-06-29 23:00:18
15,Hobart,AU,-42.8794,147.3294,46.26,80,40,8.05,scattered clouds,2022-06-29 22:59:58
16,Norman Wells,CA,65.282,-126.8329,74.19,49,92,12.91,light rain,2022-06-29 23:01:44
17,Aklavik,CA,68.2191,-135.0107,63.7,55,46,13.42,scattered clouds,2022-06-29 23:01:45
18,Southbridge,US,42.0751,-72.0334,79.56,60,38,1.01,scattered clouds,2022-06-29 23:01:47
19,Balaipungut,ID,1.05,101.2833,71.65,94,99,3.53,overcast clouds,2022-06-29 23:01:47
20,Cape Town,ZA,-33.9258,18.4232,65.12,56,4,4.83,clear sky,2022-06-29 23:00:39
21,Vaini,TO,-21.2,-175.2,77.38,85,100,6.22,light rain,2022-06-29 23:01:48
22,Yulara,AU,-25.2406,130.9889,47.48,78,0,13.33,clear sky,2022-06-29 23:01:49
23,Ushuaia,AR,-54.8,-68.3,33.46,75,75,5.75,light snow,2022-06-29 22:57:33
24,Vila Velha,BR,-20.3297,-40.2925,70.95,79,0,4.0,clear sky,2022-06-29 23:01:49
25,Arraial Do Cabo,BR,-22.9661,-42.0278,69.66,88,0,8.05,clear sky,2022-06-29 22:56:52
26,Stornoway,GB,58.2093,-6.3865,53.56,93,40,5.75,scattered clouds,2022-06-29 23:01:50
27,Catuday,PH,16.2923,119.8062,76.53,89,100,18.66,overcast clouds,2022-06-29 23:01:50
28,Jalgaon,IN,21.0167,75.5667,82.78,71,100,10.54,overcast clouds,2022-06-29 23:01:51
29,Upernavik,GL,72.7868,-56.1549,35.2,88,99,7.76,overcast clouds,2022-06-29 23:01:51
30,Avarua,CK,-21.2078,-159.775,80.65,69,20,8.05,few clouds,2022-06-29 23:01:51
31,Torbay,CA,47.6666,-52.7314,70.57,81,40,12.66,scattered clouds,2022-06-29 22:59:57
32,Busselton,AU,-33.65,115.3333,48.13,84,0,9.93,clear sky,2022-06-29 23:01:52
33,Tuktoyaktuk,CA,69.4541,-133.0374,40.17,89,94,11.86,overcast clouds,2022-06-29 23:01:53
34,Lorengau,PG,-2.0226,147.2712,84.52,69,87,10.31,overcast clouds,2022-06-29 23:01:53
35,Victoria,HK,22.2855,114.1577,82.33,93,82,7.0,heavy intensity rain,2022-06-29 23:00:17
36,Lasa,IT,46.6166,10.7002,63.36,92,30,0.45,scattered clouds,2022-06-29 23:01:54
37,Puerto Ayora,EC,-0.7393,-90.3518,69.55,93,72,11.01,broken clouds,2022-06-29 23:01:54
38,Dikson,RU,73.5069,80.5464,32.76,97,100,11.61,overcast clouds,2022-06-29 23:01:55
39,Shaghat,AM,39.5625,45.9143,54.77,83,3,6.98,clear sky,2022-06-29 23:01:55
40,Vestmanna,FO,62.1564,-7.1664,50.92,100,100,13.8,overcast clouds,2022-06-29 23:01:56
41,Buda,US,30.0852,-97.8403,99.54,32,12,9.13,few clouds,2022-06-29 23:01:56
42,Hermanus,ZA,-34.4187,19.2345,61.07,57,8,5.46,clear sky,2022-06-29 23:01:57
43,Punta Arenas,CL,-53.15,-70.9167,33.91,93,40,10.36,scattered clouds,2022-06-29 22:59:06
44,Cherskiy,RU,68.75,161.3,50.95,58,97,14.16,overcast clouds,2022-06-29 23:01:58
45,Naze,JP,28.3667,129.4833,79.72,83,59,11.65,broken clouds,2022-06-29 23:02:58
46,Mezen,RU,65.8522,44.24,41.9,84,21,5.37,few clouds,2022-06-29 23:02:59
47,Saint-Philippe,RE,-21.3585,55.7679,62.19,77,61,12.77,broken clouds,2022-06-29 23:03:00
48,Castro,BR,-24.7911,-50.0119,50.11,77,0,2.42,clear sky,2022-06-29 23:01:39
49,Jamestown,US,42.097,-79.2353,70.52,84,20,7.05,light rain,2022-06-29 23:01:02
50,Kuopio,FI,62.8924,27.677,58.95,88,0,1.14,clear sky,2022-06-29 23:01:49
51,Khatanga,RU,71.9667,102.5,48.87,55,6,9.62,clear sky,2022-06-29 23:03:01
52,Carnarvon,AU,-24.8667,113.6333,60.69,50,0,20.33,clear sky,2022-06-29 23:03:02
53,Inirida,CO,3.8653,-67.9239,74.86,94,38,1.79,light rain,2022-06-29 23:03:03
54,San Cristobal,VE,7.7669,-72.225,68.18,97,100,2.26,moderate rain,2022-06-29 23:03:06
55,Tasiilaq,GL,65.6145,-37.6368,41.16,92,100,6.15,overcast clouds,2022-06-29 23:03:07
56,Obera,AR,-27.4871,-55.1199,46.99,90,0,1.9,clear sky,2022-06-29 23:03:08
57,Kapaa,US,22.0752,-159.319,84.18,72,75,16.11,broken clouds,2022-06-29 23:03:08
58,Daru,PG,-9.0763,143.2092,80.58,88,63,10.29,broken clouds,2022-06-29 23:03:09
59,Ozernovskiy,RU,51.5,156.5167,50.32,85,100,7.36,overcast clouds,2022-06-29 23:03:10
60,Ahuimanu,US,21.4447,-157.8378,81.86,71,75,16.11,light rain,2022-06-29 23:03:10
61,Hilo,US,19.7297,-155.09,85.28,87,33,7.0,scattered clouds,2022-06-29 23:02:30
62,Yuancheng,CN,36.652,107.7896,69.69,48,0,1.05,clear sky,2022-06-29 23:03:11
63,Airai,TL,-8.9266,125.4092,60.06,96,94,3.18,overcast clouds,2022-06-29 23:03:13
64,Eidsvoll,NO,60.3305,11.2616,61.57,83,0,0.0,clear sky,2022-06-29 23:03:13
65,Bluff,NZ,-46.6,168.3333,50.81,75,100,20.85,overcast clouds,2022-06-29 23:03:14
66,Saint George,US,37.1041,-113.5841,103.62,17,0,14.97,clear sky,2022-06-29 23:00:34
67,Mao,ES,39.8885,4.2658,72.16,88,0,5.75,clear sky,2022-06-29 23:03:15
68,Samarai,PG,-10.6167,150.6667,82.0,81,63,14.34,broken clouds,2022-06-29 23:03:15
69,Bamut,RU,43.1599,45.1973,65.71,77,37,4.45,scattered clouds,2022-06-29 23:03:16
70,Soe,ID,-9.8607,124.284,66.04,98,99,3.65,overcast clouds,2022-06-29 23:03:17
71,Sorkjosen,NO,69.8,20.9333,57.2,94,100,3.44,overcast clouds,2022-06-29 23:03:17
72,Mehamn,NO,71.0357,27.8492,58.95,82,70,13.8,broken clouds,2022-06-29 23:03:18
73,Humaita,BR,-7.5061,-63.0208,78.35,53,65,3.04,broken clouds,2022-06-29 23:03:19
74,Qaanaaq,GL,77.484,-69.3632,46.98,49,10,1.59,clear sky,2022-06-29 23:03:19
75,Nouadhibou,MR,20.931,-17.0347,68.97,79,0,24.0,clear sky,2022-06-29 23:03:20
76,Clyde River,CA,70.4692,-68.5914,38.07,85,28,4.72,scattered clouds,2022-06-29 23:03:21
77,Lebu,CL,-37.6167,-73.65,49.26,86,10,1.5,clear sky,2022-06-29 23:02:12
78,Barrow,US,71.2906,-156.7887,48.22,81,75,12.66,broken clouds,2022-06-29 23:03:22
79,Mar Del Plata,AR,-38.0023,-57.5575,54.09,83,100,7.0,light rain,2022-06-29 23:03:22
80,Saint Anthony,US,45.0205,-93.218,90.14,47,0,18.41,clear sky,2022-06-29 23:03:23
81,Korla,CN,41.7597,86.1469,80.01,32,4,6.22,clear sky,2022-06-29 23:00:31
82,Lusambo,CD,-4.9667,23.45,68.63,52,44,2.35,scattered clouds,2022-06-29 23:03:24
83,Ketchikan,US,55.3422,-131.6461,64.87,68,40,11.5,scattered clouds,2022-06-29 23:03:25
84,Faanui,PF,-16.4833,-151.75,79.88,68,10,18.63,clear sky,2022-06-29 23:03:25
85,Limoux,FR,42.9167,2.1667,66.54,79,9,5.35,light rain,2022-06-29 23:03:26
86,Kodiak,US,57.79,-152.4072,60.12,75,59,6.49,broken clouds,2022-06-29 23:01:39
87,Talnakh,RU,69.4865,88.3972,52.21,45,96,5.97,overcast clouds,2022-06-29 23:03:27
88,Ust-Karsk,RU,52.7011,118.8077,77.79,56,17,1.03,few clouds,2022-06-29 23:03:27
89,Batemans Bay,AU,-35.7167,150.1833,49.1,68,100,2.35,overcast clouds,2022-06-29 23:01:14
90,Sal Rei,CV,16.1833,-22.9167,72.18,81,44,17.52,scattered clouds,2022-06-29 23:03:28
91,Nikolskoye,RU,59.7035,30.7861,60.69,64,0,3.33,clear sky,2022-06-29 23:03:28
92,Hay River,CA,60.8156,-115.7999,55.76,50,4,7.67,clear sky,2022-06-29 23:04:29
93,New Norfolk,AU,-42.7826,147.0587,46.71,76,66,1.99,broken clouds,2022-06-29 23:04:29
94,Butaritari,KI,3.0707,172.7902,80.76,78,100,14.74,overcast clouds,2022-06-29 23:04:30
95,Okato,NZ,-39.2,173.8833,58.91,100,29,14.12,scattered clouds,2022-06-29 23:04:30
96,Vila Franca Do Campo,PT,37.7167,-25.4333,67.19,76,0,2.1,clear sky,2022-06-29 23:04:30
97,Kahului,US,20.8947,-156.47,87.82,60,40,26.46,scattered clouds,2022-06-29 23:04:31
98,Dryden,CA,49.7833,-92.7503,63.82,67,94,13.2,overcast clouds,2022-06-29 23:04:31
99,Port Macquarie,AU,-31.4333,152.9167,55.89,65,77,5.5,broken clouds,2022-06-29 23:04:32
100,Laguna,US,38.421,-121.4238,100.31,24,0,10.36,clear sky,2022-06-29 23:04:33
101,Hofn,IS,64.2539,-15.2082,50.34,91,66,4.99,moderate rain,2022-06-29 23:04:33
102,Talara,PE,-4.5772,-81.2719,66.96,77,75,17.27,broken clouds,2022-06-29 23:04:33
103,Tazovskiy,RU,67.4667,78.7,47.98,59,98,16.02,overcast clouds,2022-06-29 23:04:34
104,Eganville,CA,45.5334,-77.0994,69.51,80,36,3.69,scattered clouds,2022-06-29 23:04:34
105,Urbana,US,40.1106,-88.2073,86.09,45,3,10.0,clear sky,2022-06-29 23:00:25
106,Pisco,PE,-13.7,-76.2167,62.65,77,0,14.97,clear sky,2022-06-29 23:04:35
107,Hambantota,LK,6.1241,81.1185,79.81,80,86,16.84,overcast clouds,2022-06-29 23:04:35
108,Bonfim,BR,3.0833,-59.95,75.22,90,92,3.44,overcast clouds,2022-06-29 23:04:36
109,Sangar,RU,63.9242,127.4739,59.7,75,100,5.06,overcast clouds,2022-06-29 23:04:36
110,Shatki,RU,55.1887,44.1249,48.92,74,14,6.02,few clouds,2022-06-29 23:04:37
111,Mananjary,MG,-21.2167,48.3333,65.82,88,99,3.67,light rain,2022-06-29 23:04:37
112,Neyshabur,IR,36.2133,58.7958,82.29,26,0,1.07,clear sky,2022-06-29 23:04:38
113,Mulanje,MW,-16.0316,35.5,59.99,99,99,5.93,overcast clouds,2022-06-29 23:04:38
114,Katsuura,JP,35.1333,140.3,79.47,79,100,7.99,overcast clouds,2022-06-29 23:04:39
115,Kirakira,SB,-10.4544,161.9205,83.75,74,26,15.82,scattered clouds,2022-06-29 23:04:39
116,Balestrand,NO,61.2076,6.5334,57.16,92,35,2.82,scattered clouds,2022-06-29 23:04:40
117,Egvekinot,RU,66.3167,-179.1667,37.63,97,100,8.52,overcast clouds,2022-06-29 23:04:40
118,Bredasdorp,ZA,-34.5322,20.0403,57.11,59,21,2.3,few clouds,2022-06-29 23:04:41
119,Leningradskiy,RU,69.3833,178.4167,41.45,86,76,6.26,broken clouds,2022-06-29 23:04:41
120,Zhanaozen,KZ,43.3,52.8,74.7,39,1,11.83,clear sky,2022-06-29 23:04:42
121,Cidreira,BR,-30.1811,-50.2056,53.49,79,0,11.18,clear sky,2022-06-29 23:04:42
122,Te Anau,NZ,-45.4167,167.7167,47.46,90,100,8.28,overcast clouds,2022-06-29 23:04:43
123,Cockburn Town,TC,21.4612,-71.1419,82.65,73,12,20.02,few clouds,2022-06-29 23:04:43
124,Baykit,RU,61.67,96.37,58.41,76,76,1.92,broken clouds,2022-06-29 23:04:44
125,Hope,US,33.6671,-93.5916,89.65,28,13,6.82,few clouds,2022-06-29 23:04:44
126,Luwuk,ID,-0.9516,122.7875,78.89,86,58,1.3,broken clouds,2022-06-29 23:04:45
127,Lingao,CN,19.9103,109.6859,80.64,84,100,3.76,overcast clouds,2022-06-29 23:04:45
128,Kintinku,TZ,-5.8833,35.2333,64.62,58,68,3.02,broken clouds,2022-06-29 23:04:45
129,Yellowknife,CA,62.456,-114.3525,62.56,45,3,5.99,clear sky,2022-06-29 23:04:33
130,Tateyama,JP,34.9833,139.8667,76.87,87,100,7.16,overcast clouds,2022-06-29 23:04:46
131,Flin Flon,CA,54.7682,-101.865,61.25,63,100,6.31,light rain,2022-06-29 23:00:12
132,Mahebourg,MU,-20.4081,57.7,66.49,82,75,12.66,broken clouds,2022-06-29 23:04:47
133,Mitsamiouli,KM,-11.3847,43.2844,75.54,68,90,8.12,overcast clouds,2022-06-29 23:04:47
134,Alibag,IN,18.6411,72.8792,78.87,87,100,11.05,overcast clouds,2022-06-29 23:05:47
135,Isangel,VU,-19.55,169.2667,74.75,71,43,12.48,scattered clouds,2022-06-29 23:05:48
136,Colares,PT,38.7992,-9.4469,63.75,66,100,25.01,overcast clouds,2022-06-29 23:05:48
137,Sitka,US,57.0531,-135.33,60.69,72,100,10.36,overcast clouds,2022-06-29 23:05:49
138,Raudeberg,NO,61.9875,5.1352,57.87,75,27,5.21,scattered clouds,2022-06-29 23:05:49
139,Cobija,BO,-11.0267,-68.7692,75.51,54,0,1.43,clear sky,2022-06-29 23:05:49
140,Tongliao,CN,43.6125,122.2653,75.33,64,70,1.77,broken clouds,2022-06-29 23:05:50
141,Natchitoches,US,31.7668,-93.1335,93.18,43,75,9.22,broken clouds,2022-06-29 23:05:50
142,Bayonne,FR,43.3333,-1.4167,60.44,94,100,3.44,drizzle,2022-06-29 23:04:49
143,Ahipara,NZ,-35.1667,173.1667,59.23,77,36,18.23,scattered clouds,2022-06-29 23:05:51
144,Klaksvik,FO,62.2266,-6.589,52.72,99,94,14.92,overcast clouds,2022-06-29 23:05:51
145,Nyurba,RU,63.2842,118.3319,61.9,74,95,5.64,overcast clouds,2022-06-29 23:05:52
146,Ancud,CL,-41.8697,-73.8203,44.22,85,40,10.54,light rain,2022-06-29 23:02:58
147,Bushehr,IR,28.9684,50.8385,87.01,54,2,3.74,clear sky,2022-06-29 23:05:52
148,Caravelas,BR,-17.7125,-39.2481,68.58,85,6,5.73,clear sky,2022-06-29 23:05:53
149,Azare,NG,11.6765,10.1948,81.48,58,89,5.86,overcast clouds,2022-06-29 23:05:53
150,Mafeteng,LS,-29.823,27.2374,38.48,47,0,1.61,clear sky,2022-06-29 23:05:54
151,Nanortalik,GL,60.1432,-45.2371,39.6,97,100,12.93,overcast clouds,2022-06-29 23:05:54
152,Khipro,PK,25.8285,69.3772,85.44,72,100,21.68,overcast clouds,2022-06-29 23:05:55
153,Payo,ID,-3.7508,103.6372,71.92,98,100,1.1,overcast clouds,2022-06-29 23:05:55
154,Portland,US,45.5234,-122.6762,80.64,47,20,11.5,few clouds,2022-06-29 23:05:53
155,Fare,PF,-16.7,-151.0167,79.99,69,7,17.6,clear sky,2022-06-29 23:05:55
156,Port Blair,IN,11.6667,92.75,81.88,80,99,11.3,overcast clouds,2022-06-29 23:05:56
157,La Ronge,CA,55.1001,-105.2842,62.82,77,75,8.05,broken clouds,2022-06-29 23:05:56
158,Male,MV,4.1748,73.5089,81.07,79,82,17.87,heavy intensity rain,2022-06-29 23:02:37
159,Bambous Virieux,MU,-20.3428,57.7575,66.45,82,75,12.66,light rain,2022-06-29 23:05:57
160,Beyneu,KZ,45.3167,55.2,71.02,23,2,12.21,clear sky,2022-06-29 23:05:57
161,Sumbe,AO,-11.2061,13.8437,69.67,83,65,7.74,broken clouds,2022-06-29 23:05:58
162,Lima,PE,-12.0432,-77.0282,65.89,70,0,10.36,clear sky,2022-06-29 23:05:00
163,Madimba,TZ,-10.4,40.3333,68.85,86,51,9.42,broken clouds,2022-06-29 23:05:59
164,Atuona,PF,-9.8,-139.0333,77.76,77,28,22.12,scattered clouds,2022-06-29 23:05:59
165,Saldanha,ZA,-33.0117,17.9442,60.94,53,3,9.91,clear sky,2022-06-29 23:05:59
166,Beringovskiy,RU,63.05,179.3167,47.16,83,20,16.87,few clouds,2022-06-29 23:06:00
167,Luderitz,NA,-26.6481,15.1594,69.1,37,0,20.29,clear sky,2022-06-29 23:06:00
168,Pacific Grove,US,36.6177,-121.9166,81.25,75,20,11.5,few clouds,2022-06-29 23:06:01
169,Mitu,CO,1.1983,-70.1733,73.4,95,51,1.28,broken clouds,2022-06-29 23:06:02
170,Ilulissat,GL,69.2167,-51.1,42.82,75,100,6.91,overcast clouds,2022-06-29 23:06:03
171,North Myrtle Beach,US,33.816,-78.68,80.69,79,20,8.05,few clouds,2022-06-29 23:06:03
172,Shubarshi,KZ,48.5872,57.1869,54.43,63,0,7.63,clear sky,2022-06-29 23:06:04
173,Yuncheng,CN,35.0231,110.9928,79.65,54,0,3.98,clear sky,2022-06-29 23:06:04
174,Thompson,CA,55.7435,-97.8558,54.36,66,100,8.86,overcast clouds,2022-06-29 23:06:05
175,Sur,OM,22.5667,59.5289,85.6,72,88,14.32,overcast clouds,2022-06-29 23:06:06
176,Shikhazany,RU,55.5605,47.393,50.29,76,30,7.36,scattered clouds,2022-06-29 23:06:07
177,East London,ZA,-33.0153,27.9116,61.97,36,8,5.84,clear sky,2022-06-29 23:06:07
178,Manzhouli,CN,49.6,117.4333,77.29,44,3,4.88,clear sky,2022-06-29 23:06:08
179,San Patricio,US,28.017,-97.5169,91.49,74,73,19.37,broken clouds,2022-06-29 23:06:08
180,Berlevag,NO,70.8578,29.0864,71.4,82,20,24.16,few clouds,2022-06-29 23:06:09
181,Uhlove,UA,44.8215,33.6045,67.01,75,1,5.61,clear sky,2022-06-29 23:06:09
182,Zyryanka,RU,65.75,150.85,55.96,55,57,10.13,broken clouds,2022-06-29 23:06:11
183,Merauke,ID,-8.4667,140.3333,78.73,86,23,8.86,few clouds,2022-06-29 23:07:12
184,Flinders,AU,-34.5833,150.8552,56.05,74,100,3.0,overcast clouds,2022-06-29 23:07:12
185,Nome,US,64.5011,-165.4064,57.11,82,100,9.22,overcast clouds,2022-06-29 23:07:13
186,Meulaboh,ID,4.1363,96.1285,74.39,82,100,3.47,light rain,2022-06-29 23:07:14
187,Provideniya,RU,64.3833,-173.3,48.36,87,20,8.99,fog,2022-06-29 23:07:14
188,Manggar,ID,-2.8833,108.2667,79.02,79,98,8.95,overcast clouds,2022-06-29 23:07:15
189,Sabana De Torres,CO,7.3915,-73.4957,81.21,82,43,2.73,scattered clouds,2022-06-29 23:07:15
190,Albany,US,42.6001,-73.9662,75.06,50,90,4.74,overcast clouds,2022-06-29 23:02:52
191,Saskylakh,RU,71.9167,114.0833,51.87,44,28,8.1,scattered clouds,2022-06-29 23:07:16
192,Pljevlja,ME,43.3333,19.3333,63.54,84,76,3.74,broken clouds,2022-06-29 23:07:16
193,Pestravka,RU,52.405,49.9583,51.39,80,76,5.57,broken clouds,2022-06-29 23:07:17
194,Shahr-E Babak,IR,30.1165,55.1186,79.84,10,20,16.35,few clouds,2022-06-29 23:07:17
195,Petropavlovsk-Kamchatskiy,RU,53.0452,158.6483,64.99,52,0,2.24,clear sky,2022-06-29 23:02:56
196,Paka,MY,4.6374,103.4368,77.61,89,99,4.94,overcast clouds,2022-06-29 23:07:18
197,Nabire,ID,-3.3667,135.4833,78.69,80,16,1.95,few clouds,2022-06-29 23:07:18
198,Sokoni,TZ,-6.4333,39.55,76.75,70,14,17.58,few clouds,2022-06-29 23:07:19
199,Belyy Yar,RU,53.6039,91.3903,62.49,67,0,6.71,clear sky,2022-06-29 23:07:19
200,Vao,NC,-22.6667,167.4833,70.52,62,18,14.88,few clouds,2022-06-29 23:07:20
201,Tambacounda,SN,13.7539,-13.7586,88.56,53,23,11.5,few clouds,2022-06-29 23:07:20
202,Itarema,BR,-2.9248,-39.9167,78.3,83,47,12.24,scattered clouds,2022-06-29 23:07:20
203,Cimarron Hills,US,38.8586,-104.6989,90.1,20,75,10.36,broken clouds,2022-06-29 23:02:22
204,Alugan,PH,12.2188,125.4808,79.72,86,100,7.81,overcast clouds,2022-06-29 23:07:21
205,Havre-Saint-Pierre,CA,50.2334,-63.5986,63.0,71,12,7.87,few clouds,2022-06-29 23:07:21
206,Akyab,MM,20.15,92.9,80.82,83,100,1.81,overcast clouds,2022-06-29 23:07:22
207,Hami,CN,42.8,93.45,79.68,21,0,8.34,clear sky,2022-06-29 23:07:22
208,Alice Springs,AU,-23.7,133.8833,38.75,75,0,4.61,clear sky,2022-06-29 23:05:15
209,Plouzane,FR,48.3833,-4.6167,53.65,87,97,6.91,overcast clouds,2022-06-29 23:07:23
210,Constitucion,CL,-35.3333,-72.4167,51.78,90,100,6.42,overcast clouds,2022-06-29 23:07:23
211,Honningsvag,NO,70.9821,25.9704,56.95,82,100,19.57,overcast clouds,2022-06-29 23:03:15
212,Banjar,ID,-8.19,114.9675,75.97,88,62,6.06,broken clouds,2022-06-29 23:07:24
213,Tilichiki,RU,60.4667,166.1,49.3,87,100,6.6,overcast clouds,2022-06-29 23:07:24
214,Ginir,ET,7.1333,40.7,55.63,83,38,12.26,scattered clouds,2022-06-29 23:07:25
215,Maniitsoq,GL,65.4167,-52.9,39.18,94,100,13.87,light rain,2022-06-29 23:07:25
216,Taltal,CL,-25.4,-70.4833,60.69,74,23,2.01,few clouds,2022-06-29 23:07:26
217,Hasaki,JP,35.7333,140.8333,86.29,73,100,1.05,overcast clouds,2022-06-29 23:07:26
218,Hualmay,PE,-11.0964,-77.6139,64.2,78,1,7.58,clear sky,2022-06-29 23:07:27
219,Sao Filipe,CV,14.8961,-24.4956,73.96,75,72,11.18,broken clouds,2022-06-29 23:07:27
220,Sarkand,KZ,45.41,79.9186,72.97,28,66,7.11,broken clouds,2022-06-29 23:07:28
221,Havelock,US,34.8791,-76.9013,79.05,83,75,6.91,broken clouds,2022-06-29 23:07:28
222,Ornskoldsvik,SE,63.2909,18.7153,65.35,94,94,3.44,overcast clouds,2022-06-29 23:07:29
223,Sao Joao Da Barra,BR,-21.6403,-41.0511,70.95,84,4,18.57,clear sky,2022-06-29 23:05:09
224,Matay,EG,28.419,30.7792,81.7,45,0,10.71,clear sky,2022-06-29 23:07:29
225,Baherden,TM,38.4362,57.4316,85.14,41,3,5.91,clear sky,2022-06-29 23:07:30
226,Ponta Do Sol,PT,32.6667,-17.1,71.01,79,30,6.73,scattered clouds,2022-06-29 23:07:30
227,Mana,GF,5.6592,-53.7767,72.79,97,100,5.73,light rain,2022-06-29 23:08:30
228,Kaitangata,NZ,-46.2817,169.8464,47.61,69,100,8.9,overcast clouds,2022-06-29 23:08:31
229,Platonovka,RU,52.7106,41.952,51.82,80,0,0.89,clear sky,2022-06-29 23:08:31
230,Ribnica,SI,45.7386,14.7275,66.09,80,0,4.09,clear sky,2022-06-29 23:08:32
231,Salta,AR,-24.7859,-65.4117,53.58,58,0,3.0,clear sky,2022-06-29 23:08:32
232,Souillac,MU,-20.5167,57.5167,66.58,82,75,12.66,light rain,2022-06-29 23:08:33
233,Vestmannaeyjar,IS,63.4427,-20.2734,52.79,87,75,13.8,broken clouds,2022-06-29 23:08:33
234,Sisimiut,GL,66.9395,-53.6735,41.13,92,100,3.89,light rain,2022-06-29 23:08:34
235,Geraldton,AU,-28.7667,114.6,45.01,81,0,6.91,clear sky,2022-06-29 23:08:34
236,Coruripe,BR,-10.1256,-36.1756,72.91,78,40,8.05,scattered clouds,2022-06-29 23:08:34
237,Spencer,US,43.1414,-95.1444,93.31,34,0,23.02,clear sky,2022-06-29 23:07:28
238,Hounde,BF,11.5,-3.5167,78.67,70,44,9.26,scattered clouds,2022-06-29 23:08:35
239,Gotsu,JP,35.0,132.2167,81.34,72,0,1.95,clear sky,2022-06-29 23:08:35
240,Marzuq,YE,14.4,46.4667,80.2,18,82,2.46,broken clouds,2022-06-29 23:08:36
241,Bereda,ES,43.2686,-7.5406,50.58,100,72,2.46,broken clouds,2022-06-29 23:08:36
242,Penzance,GB,50.1186,-5.5371,54.28,76,84,12.57,broken clouds,2022-06-29 23:08:37
243,Voloshka,RU,61.3314,40.0858,48.7,77,31,4.7,scattered clouds,2022-06-29 23:08:37
244,Rincon,US,32.296,-81.2354,79.86,88,75,3.44,broken clouds,2022-06-29 23:08:38
245,Saint-Pierre,RE,-21.3393,55.4781,62.28,67,20,6.91,few clouds,2022-06-29 23:08:38
246,Cabo San Lucas,MX,22.8909,-109.9124,92.61,54,0,8.05,clear sky,2022-06-29 23:08:07
247,Ostrovnoy,RU,68.0531,39.5131,50.58,78,44,10.29,scattered clouds,2022-06-29 23:08:39
248,Cairns,AU,-16.9167,145.7667,77.07,97,100,10.36,overcast clouds,2022-06-29 23:07:18
249,Avon,US,41.4517,-82.0354,82.78,55,20,4.61,few clouds,2022-06-29 23:08:39
250,Pemba,MZ,-12.974,40.5178,73.36,69,7,13.11,clear sky,2022-06-29 23:08:40
251,Vrangel,RU,42.7297,133.0839,60.15,93,87,9.89,overcast clouds,2022-06-29 23:08:40
252,Riyadh,SA,24.6877,46.7219,87.94,13,1,10.87,clear sky,2022-06-29 23:04:29
253,College,US,64.8569,-147.8028,77.58,43,75,8.05,smoke,2022-06-29 23:08:41
254,Port-Cartier,CA,50.0334,-66.8654,59.68,88,89,3.29,heavy intensity rain,2022-06-29 23:08:41
255,Praia Da Vitoria,PT,38.7333,-27.0667,66.76,89,2,2.62,clear sky,2022-06-29 23:08:41
256,Mnogovershinnyy,RU,53.9353,139.9242,65.93,60,0,3.02,clear sky,2022-06-29 23:08:42
257,Derveni,GR,38.1333,22.4167,75.81,62,0,1.05,clear sky,2022-06-29 23:08:42
258,Esqueda,MX,30.7167,-109.5833,72.5,66,61,4.99,broken clouds,2022-06-29 23:08:42
259,Villa Carlos Paz,AR,-31.4241,-64.4978,62.89,29,2,8.99,clear sky,2022-06-29 23:06:25
260,Ambulu,ID,-8.345,113.6058,73.29,90,86,2.55,overcast clouds,2022-06-29 23:08:43
261,Christchurch,NZ,-43.5333,172.6333,45.41,88,42,5.75,scattered clouds,2022-06-29 23:05:06
262,Longyearbyen,SJ,78.2186,15.6401,44.44,93,75,0.0,broken clouds,2022-06-29 23:08:44
263,Jiexiu,CN,37.0244,111.9125,71.83,65,21,2.73,few clouds,2022-06-29 23:08:44
264,Avera,US,33.194,-82.5271,84.54,49,98,7.78,overcast clouds,2022-06-29 23:08:45
265,Galveston,US,29.3669,-94.9669,91.51,68,0,10.36,clear sky,2022-06-29 23:08:45
266,Kyabe,TD,9.4515,18.9449,73.6,86,96,0.98,light rain,2022-06-29 23:08:46
267,Chicama,PE,-7.8447,-79.1469,61.34,72,0,7.34,clear sky,2022-06-29 23:08:46
268,Kudahuvadhoo,MV,2.6708,72.8944,81.23,78,89,7.74,overcast clouds,2022-06-29 23:08:47
269,Qinzhou,CN,21.95,108.6167,80.1,89,97,4.0,overcast clouds,2022-06-29 23:08:47
270,Tocopilla,CL,-22.092,-70.1979,60.94,77,52,0.72,broken clouds,2022-06-29 23:08:47
271,Acajutla,SV,13.5928,-89.8275,83.61,71,23,4.38,few clouds,2022-06-29 23:08:48
272,Malchevskaya,RU,49.0552,40.3625,59.05,62,59,6.35,broken clouds,2022-06-29 23:08:48
273,Necochea,AR,-38.5473,-58.7368,53.19,63,100,16.4,light rain,2022-06-29 23:08:49
274,Tongren,CN,27.7172,109.1853,76.62,89,34,1.14,scattered clouds,2022-06-29 23:09:49
275,Turukhansk,RU,65.8167,87.9833,53.64,85,98,2.21,overcast clouds,2022-06-29 23:09:50
276,Ambilobe,MG,-13.2,49.05,63.14,80,0,3.51,clear sky,2022-06-29 23:09:50
277,Chokurdakh,RU,70.6333,147.9167,56.98,41,59,18.59,broken clouds,2022-06-29 23:09:50
278,Gillingham,GB,51.3891,0.5486,60.04,88,100,1.01,light rain,2022-06-29 23:09:51
279,Lompoc,US,34.6391,-120.4579,88.79,70,0,13.8,clear sky,2022-06-29 23:09:51
280,Ariquemes,BR,-9.9133,-63.0408,75.31,53,22,3.53,few clouds,2022-06-29 23:09:52
281,Santo Tomas,PH,14.1079,121.1414,78.57,96,100,3.04,moderate rain,2022-06-29 23:09:52
282,Tautira,PF,-17.7333,-149.15,78.33,78,30,17.94,light rain,2022-06-29 23:09:52
283,Bunia,CD,1.5667,30.25,62.91,84,76,0.92,broken clouds,2022-06-29 23:09:53
284,Astara,AZ,38.5,48.6667,66.4,40,0,3.91,clear sky,2022-06-29 23:09:53
285,Hanmer Springs,NZ,-42.5167,172.8167,46.94,76,29,7.96,scattered clouds,2022-06-29 23:09:54
286,Bainbridge,US,47.6262,-122.5212,70.63,65,75,4.0,broken clouds,2022-06-29 23:09:01
287,Maldonado,UY,-34.6667,-54.9167,57.22,79,95,10.87,overcast clouds,2022-06-29 23:09:54
288,Lagoa,PT,39.05,-27.9833,65.3,78,0,3.51,clear sky,2022-06-29 23:09:55
289,Alyangula,AU,-13.8483,136.4192,73.71,71,100,18.1,light rain,2022-06-29 23:09:55
290,Dali,CN,25.7,100.1833,61.61,91,100,2.33,overcast clouds,2022-06-29 23:09:56
291,Mount Isa,AU,-20.7333,139.5,56.97,77,100,8.05,overcast clouds,2022-06-29 23:09:56
292,Pevek,RU,69.7008,170.3133,34.66,98,100,8.19,snow,2022-06-29 23:09:56
293,Sanghar,PK,26.0466,68.9481,85.44,71,100,23.73,overcast clouds,2022-06-29 23:09:57
294,Trairi,BR,-3.2778,-39.2689,77.56,84,90,8.48,overcast clouds,2022-06-29 23:06:50
295,Jiaojiang,CN,28.6803,121.4428,82.0,92,98,6.4,overcast clouds,2022-06-29 23:09:57
296,Thinadhoo,MV,0.5333,72.9333,81.97,74,42,4.61,scattered clouds,2022-06-29 23:09:58
297,Arlit,NE,18.7369,7.3853,93.49,18,50,7.54,scattered clouds,2022-06-29 23:09:59
298,Codrington,AU,-38.2667,141.9667,46.36,93,98,8.1,overcast clouds,2022-06-29 23:09:59
299,Bangassou,CF,4.7413,22.8184,68.31,84,33,0.81,scattered clouds,2022-06-29 23:09:59
300,Bathsheba,BB,13.2167,-59.5167,79.75,81,53,20.98,light rain,2022-06-29 23:10:00
301,Santa Ana,US,33.7456,-117.8678,102.07,51,0,13.8,clear sky,2022-06-29 23:08:12
302,Severo-Kurilsk,RU,50.6789,156.125,48.85,88,100,7.34,light rain,2022-06-29 23:10:01
303,Zimovniki,RU,47.1483,42.4633,61.66,43,2,8.23,clear sky,2022-06-29 23:10:02
304,Khandyga,RU,62.6667,135.6,60.69,98,100,5.84,light rain,2022-06-29 23:10:03
305,Cruzilia,BR,-21.8386,-44.8083,58.01,71,0,0.69,clear sky,2022-06-29 23:10:04
306,Auki,SB,-8.7676,160.7034,84.16,68,8,7.96,clear sky,2022-06-29 23:10:05
307,Alappuzha,IN,9.49,76.3264,77.0,83,75,12.77,light rain,2022-06-29 23:10:05
308,Perivolion,GR,39.4206,20.0147,78.66,82,0,9.1,clear sky,2022-06-29 23:10:06
309,Hobyo,SO,5.3505,48.5268,76.6,80,19,28.86,few clouds,2022-06-29 23:10:07
310,Lisakovsk,KZ,52.5369,62.4936,44.2,89,4,7.81,clear sky,2022-06-29 23:10:08
311,Fairbanks,US,64.8378,-147.7164,77.59,43,75,8.05,smoke,2022-06-29 23:09:57
312,Roscommon,IE,53.6333,-8.1833,48.45,96,38,6.26,scattered clouds,2022-06-29 23:10:09
313,Panama City,PA,8.9936,-79.5197,82.29,75,65,8.25,broken clouds,2022-06-29 23:08:42
314,Imbituba,BR,-28.24,-48.6703,56.19,74,5,5.53,clear sky,2022-06-29 23:10:10
315,Sola,VU,-13.8833,167.55,80.37,79,26,23.6,scattered clouds,2022-06-29 23:10:11
316,Lata,PT,40.1629,-8.3327,61.81,85,100,7.63,overcast clouds,2022-06-29 23:10:11
317,Grootfontein,NA,-19.5667,18.1167,46.71,71,37,5.77,scattered clouds,2022-06-29 23:10:12
318,Mokrous,RU,51.2333,47.5167,51.57,71,2,5.28,clear sky,2022-06-29 23:10:12
319,Pudozh,RU,61.8099,36.5345,51.39,67,66,2.93,broken clouds,2022-06-29 23:10:13
320,Det Udom,TH,14.906,105.0784,77.77,87,93,5.64,overcast clouds,2022-06-29 23:11:13
321,Blagoveshchenka,RU,52.8333,79.8667,50.29,68,0,11.7,clear sky,2022-06-29 23:11:14
322,Shirgaon,IN,19.7,72.7,81.63,84,93,12.71,overcast clouds,2022-06-29 23:11:14
323,Banda Aceh,ID,5.5577,95.3222,79.39,72,97,18.41,overcast clouds,2022-06-29 23:11:14
324,Chadan,RU,51.2833,91.5833,62.74,60,36,3.4,scattered clouds,2022-06-29 23:11:15
325,Ixtapa,MX,20.7,-105.2,85.23,74,75,9.22,broken clouds,2022-06-29 23:11:16
326,Santa Isabel Do Rio Negro,BR,-0.4139,-65.0192,74.05,97,79,1.52,broken clouds,2022-06-29 23:11:16
327,Tessalit,ML,20.1986,1.0114,96.55,12,15,10.87,few clouds,2022-06-29 23:11:17
328,Bengkulu,ID,-3.8004,102.2655,73.36,94,100,15.35,moderate rain,2022-06-29 23:11:18
329,Gizo,SB,-8.103,156.8419,83.64,73,9,8.77,clear sky,2022-06-29 23:11:18
330,Uruzgan,AF,32.8333,66.0,78.13,13,0,7.07,clear sky,2022-06-29 23:10:13
331,Tiksi,RU,71.6872,128.8694,38.61,75,62,5.61,broken clouds,2022-06-29 23:11:19
332,La Asuncion,VE,11.0333,-63.8628,78.35,86,87,15.35,overcast clouds,2022-06-29 23:11:20
333,Coihaique,CL,-45.5752,-72.0662,36.21,80,40,2.3,scattered clouds,2022-06-29 23:11:21
334,Umea,SE,63.8284,20.2597,62.53,100,0,2.3,clear sky,2022-06-29 23:11:22
335,Biak,ID,-0.9131,122.8766,77.16,84,58,1.81,broken clouds,2022-06-29 23:11:23
336,Popondetta,PG,-8.7537,148.2534,84.15,58,47,0.72,scattered clouds,2022-06-29 23:11:23
337,Manati,PR,18.4275,-66.4921,85.71,85,94,15.5,overcast clouds,2022-06-29 23:11:24
338,Broken Hill,AU,-31.95,141.4333,47.3,66,2,6.44,clear sky,2022-06-29 23:11:25
339,Maumere,ID,-8.6199,122.2111,78.35,87,90,7.78,overcast clouds,2022-06-29 23:11:26
340,Nizwa,OM,22.9333,57.5333,85.14,63,87,3.74,overcast clouds,2022-06-29 23:11:27
341,Labuhan,ID,-6.8844,112.2051,74.97,85,37,8.7,scattered clouds,2022-06-29 23:11:27
342,Homnabad,IN,17.7667,77.1333,73.2,92,100,12.71,overcast clouds,2022-06-29 23:11:28
343,Graested,DK,56.0656,12.2851,60.76,91,52,4.27,broken clouds,2022-06-29 23:11:28
344,Fortuna,US,40.5982,-124.1573,61.93,83,100,3.0,overcast clouds,2022-06-29 23:11:28
345,Imeni Zhelyabova,RU,58.9544,36.5956,54.23,68,77,1.52,broken clouds,2022-06-29 23:11:29
346,Birjand,IR,32.8663,59.2211,79.16,27,0,30.15,clear sky,2022-06-29 23:11:29
347,Horadiz,AZ,39.4488,47.3353,76.41,31,0,2.01,clear sky,2022-06-29 23:11:29
348,Goderich,CA,43.7501,-81.7165,63.91,69,35,7.7,scattered clouds,2022-06-29 23:11:30
349,Spornoye,RU,50.8448,37.2913,60.55,78,99,3.98,overcast clouds,2022-06-29 23:11:30
350,Margate,GB,51.3813,1.3862,58.3,95,100,3.0,light rain,2022-06-29 23:11:31
351,Parana,AR,-31.732,-60.5238,58.55,65,1,10.45,light rain,2022-06-29 23:11:31
352,Yaan,NG,7.3833,8.5667,73.89,90,99,8.3,moderate rain,2022-06-29 23:11:32
353,Terney,RU,45.0503,136.6092,62.49,83,100,3.6,overcast clouds,2022-06-29 23:11:33
354,Sibolga,ID,1.7427,98.7792,74.28,90,100,3.76,overcast clouds,2022-06-29 23:11:33
355,Axim,GH,4.8699,-2.2405,76.41,90,100,11.39,light rain,2022-06-29 23:11:33
356,Shu,KZ,43.5983,73.7614,77.36,27,59,9.95,broken clouds,2022-06-29 23:11:34
357,Riwaka,NZ,-41.0833,173.0,53.1,65,19,2.15,few clouds,2022-06-29 23:11:34
358,Plainview,US,40.7765,-73.4673,79.83,57,0,14.97,clear sky,2022-06-29 23:11:35
359,Coquimbo,CL,-29.9533,-71.3436,56.93,88,0,4.61,clear sky,2022-06-29 23:11:35
360,Bethel,US,41.3712,-73.414,80.64,58,25,4.65,scattered clouds,2022-06-29 23:11:36
361,Cap Malheureux,MU,-19.9842,57.6142,69.48,70,88,17.87,overcast clouds,2022-06-29 23:11:36
362,Nikologory,RU,56.1413,41.9922,51.33,72,63,6.13,broken clouds,2022-06-29 23:11:36
363,Havre,FR,49.5833,0.3333,60.57,88,75,13.8,broken clouds,2022-06-29 23:11:37
364,Extremoz,BR,-5.7056,-35.3072,72.05,100,0,4.61,light rain,2022-06-29 23:12:37
365,Amahai,ID,-3.3333,128.9167,79.52,81,74,3.11,broken clouds,2022-06-29 23:12:38
366,Alofi,NU,-19.0595,-169.9187,82.29,74,75,12.66,broken clouds,2022-06-29 23:12:38
367,Ust-Omchug,RU,61.15,149.6333,67.73,48,100,3.6,overcast clouds,2022-06-29 23:12:39
368,Guerrero Negro,MX,27.9769,-114.0611,79.79,53,1,18.86,clear sky,2022-06-29 23:08:48
369,Pangnirtung,CA,66.1451,-65.7125,50.56,58,32,3.22,scattered clouds,2022-06-29 23:10:56
370,Port Hardy,CA,50.6996,-127.4199,57.65,84,100,3.78,overcast clouds,2022-06-29 23:11:02
371,Half Moon Bay,US,37.4636,-122.4286,79.54,73,75,20.71,mist,2022-06-29 23:12:40
372,Lakhimpur,IN,27.95,80.7667,79.74,83,100,9.66,moderate rain,2022-06-29 23:12:40
373,Faya,SA,18.3851,42.4509,73.92,35,34,5.64,scattered clouds,2022-06-29 23:12:41
374,Chuy,UY,-33.6971,-53.4616,50.18,81,55,6.31,broken clouds,2022-06-29 23:10:09
375,Sorland,NO,67.667,12.6934,51.66,92,5,7.78,clear sky,2022-06-29 23:12:41
376,Nha Trang,VN,12.25,109.1833,84.2,73,100,6.49,overcast clouds,2022-06-29 23:10:32
377,Yumen,CN,40.2833,97.2,74.34,36,100,8.55,overcast clouds,2022-06-29 23:12:42
378,Yatou,CN,37.15,122.3833,72.72,95,99,7.94,overcast clouds,2022-06-29 23:12:42
379,Kisangani,CD,0.5167,25.2,69.42,95,77,2.21,broken clouds,2022-06-29 23:12:43
380,Winthrop,US,42.3751,-70.9828,82.69,48,75,9.22,broken clouds,2022-06-29 23:12:43
381,Omboue,GA,-1.5746,9.2618,71.37,91,85,5.84,overcast clouds,2022-06-29 23:12:07
382,Ihosy,MG,-22.4,46.1167,54.95,88,95,7.45,overcast clouds,2022-06-29 23:12:44
383,Benguela,AO,-12.5763,13.4055,69.48,73,8,1.9,clear sky,2022-06-29 23:12:44
384,Oranjestad,AW,12.524,-70.027,76.95,94,75,3.44,light rain,2022-06-29 23:12:45
385,Koson,UZ,39.0375,65.585,86.32,22,0,10.25,clear sky,2022-06-29 23:12:45
386,Mugumu,TZ,-1.85,34.7,57.34,75,46,2.44,scattered clouds,2022-06-29 23:12:45
387,Linxia,CN,35.6003,103.2064,61.57,49,84,4.68,broken clouds,2022-06-29 23:12:46
388,Sinnamary,GF,5.3833,-52.95,73.9,93,100,4.0,overcast clouds,2022-06-29 23:12:46
389,Puro,PH,12.4841,123.3827,80.44,82,100,7.74,overcast clouds,2022-06-29 23:12:47
390,Kununurra,AU,-15.7667,128.7333,67.98,64,100,10.36,overcast clouds,2022-06-29 23:12:47
391,Kavieng,PG,-2.5744,150.7967,82.02,75,100,7.52,light rain,2022-06-29 23:12:48
392,Santiago Del Estero,AR,-27.7951,-64.2615,62.02,36,0,8.23,clear sky,2022-06-29 23:12:48
393,Lahaina,US,20.8783,-156.6825,87.8,77,51,8.79,broken clouds,2022-06-29 23:12:48
394,Kirkwall,GB,58.9848,-2.9587,55.45,94,75,11.5,broken clouds,2022-06-29 23:12:49
395,Bodden Town,KY,19.2833,-81.25,88.0,68,20,9.22,few clouds,2022-06-29 23:12:49
396,Tromso,NO,69.6496,18.957,55.42,82,75,24.16,broken clouds,2022-06-29 23:12:50
397,Buraydah,SA,26.326,43.975,85.41,15,0,2.77,clear sky,2022-06-29 23:12:50
398,Senanga,ZM,-16.1167,23.2667,53.58,70,92,7.23,overcast clouds,2022-06-29 23:12:50
399,Tevriz,RU,57.509,72.4042,46.83,97,100,17.18,moderate rain,2022-06-29 23:12:51
400,Visby,SE,57.6409,18.296,65.82,94,100,3.44,overcast clouds,2022-06-29 23:12:51
401,Waingapu,ID,-9.6567,120.2641,76.84,78,48,15.14,scattered clouds,2022-06-29 23:09:09
402,Acari,PE,-15.4311,-74.6158,64.4,75,23,4.14,few clouds,2022-06-29 23:12:52
403,Kidal,ML,18.4411,1.4078,96.03,12,50,7.9,scattered clouds,2022-06-29 23:12:52
404,Swamimalai,IN,10.95,79.3333,82.09,68,97,12.21,overcast clouds,2022-06-29 23:12:53
405,Zafra,ES,38.4167,-6.4167,60.44,49,44,7.92,scattered clouds,2022-06-29 23:12:53
406,Udachnyy,RU,66.4167,112.4,59.45,62,57,18.77,broken clouds,2022-06-29 23:12:53
407,Rexburg,US,43.826,-111.7897,82.38,16,0,25.32,clear sky,2022-06-29 23:12:54
408,Awassa,ET,7.05,38.4667,60.12,89,95,5.39,light rain,2022-06-29 23:12:54
409,Namibe,AO,-15.1961,12.1522,67.14,80,55,3.04,broken clouds,2022-06-29 23:11:22
410,Bollnas,SE,61.3482,16.3946,62.83,98,92,1.48,overcast clouds,2022-06-29 23:13:55
411,Hit,IQ,33.6416,42.8251,91.13,16,0,9.84,clear sky,2022-06-29 23:13:50
412,Tecoanapa,MX,16.5167,-98.75,85.14,67,81,9.62,broken clouds,2022-06-29 23:13:55
413,Dingle,PH,10.9995,122.6711,79.23,88,100,4.74,overcast clouds,2022-06-29 23:13:56
414,Soyo,AO,-6.1349,12.3689,72.19,92,99,5.21,overcast clouds,2022-06-29 23:13:56
415,San Matias,BO,-16.3667,-58.4,72.28,59,1,3.78,clear sky,2022-06-29 23:13:57
416,Sambava,MG,-14.2667,50.1667,68.79,86,66,13.31,light rain,2022-06-29 23:13:57
417,Vung Tau,VN,10.346,107.0843,81.72,83,100,11.79,overcast clouds,2022-06-29 23:13:58
418,Camacupa,AO,-12.0167,17.4833,53.55,54,80,4.65,broken clouds,2022-06-29 23:13:58
419,Whitehorse,CA,60.7161,-135.0538,72.1,52,75,3.44,light intensity shower rain,2022-06-29 23:13:59
420,Tambovka,RU,50.0969,128.0489,70.95,82,1,5.5,clear sky,2022-06-29 23:13:59
421,Nampula,MZ,-15.1165,39.2666,62.42,95,68,2.42,light rain,2022-06-29 23:13:59
422,Daugavpils,LV,55.8833,26.5333,64.51,96,44,5.12,scattered clouds,2022-06-29 23:14:00
423,Jardim,BR,-21.4803,-56.1381,65.43,68,2,4.09,clear sky,2022-06-29 23:14:00
424,Okhotsk,RU,59.3833,143.3,55.44,86,100,3.65,overcast clouds,2022-06-29 23:14:01
425,Lewistown,US,40.5992,-77.5714,83.08,68,0,6.91,clear sky,2022-06-29 23:14:02
426,Canton,CN,23.1167,113.25,86.88,75,72,4.56,broken clouds,2022-06-29 23:10:50
427,Tigil,RU,57.8,158.6667,68.97,50,1,12.97,clear sky,2022-06-29 23:14:02
428,Bouna,CI,9.2667,-3.0,75.47,83,100,5.57,overcast clouds,2022-06-29 23:14:03
429,Zhigansk,RU,66.7697,123.3711,56.68,67,97,10.51,overcast clouds,2022-06-29 23:14:04
430,Angoche,MZ,-16.2325,39.9086,69.19,84,85,2.04,light rain,2022-06-29 23:14:04
431,Buritis,BR,-15.6178,-46.4233,69.64,41,0,1.63,clear sky,2022-06-29 23:11:07
432,Kenora,CA,49.8167,-94.4337,59.97,72,75,10.36,broken clouds,2022-06-29 23:10:31
433,Kingman,US,35.1894,-114.053,104.18,13,20,18.41,few clouds,2022-06-29 23:14:05
434,Mirnyy,RU,62.5353,113.9611,64.24,67,100,1.99,overcast clouds,2022-06-29 23:14:06
435,Rio Gallegos,AR,-51.6226,-69.2181,34.84,80,54,13.87,broken clouds,2022-06-29 23:09:56
436,Ambovombe,MG,-25.1667,46.0833,62.44,78,0,9.31,clear sky,2022-06-29 23:14:07
437,Narsaq,GL,60.9167,-46.05,44.82,94,100,4.34,overcast clouds,2022-06-29 23:14:07
438,Severnyy,RU,50.677,36.5532,64.44,63,0,6.71,clear sky,2022-06-29 23:14:08
439,Paciran,ID,-6.8767,112.3761,74.77,86,35,7.16,scattered clouds,2022-06-29 23:14:08
440,Villazon,BO,-22.0866,-65.5942,43.48,7,0,4.07,clear sky,2022-06-29 23:14:09
441,Leh,IN,34.1667,77.5833,62.24,31,2,6.85,clear sky,2022-06-29 23:14:09
442,Tiarei,PF,-17.5333,-149.3333,80.62,78,16,19.55,light rain,2022-06-29 23:14:10
443,Maridi,SS,4.9158,29.4742,64.26,95,49,3.22,scattered clouds,2022-06-29 23:14:10
444,Seymchan,RU,62.8833,152.4333,54.75,64,78,3.94,broken clouds,2022-06-29 23:14:11
445,Podporozhye,RU,60.9112,34.1706,51.96,61,90,1.88,overcast clouds,2022-06-29 23:14:11
446,Ozerne,UA,50.1782,28.7338,64.81,91,99,3.67,overcast clouds,2022-06-29 23:14:12
447,Ciucurova,RO,44.9333,28.4833,60.8,59,6,2.3,clear sky,2022-06-29 23:14:13
448,Tuatapere,NZ,-46.1333,167.6833,51.84,76,98,10.22,light rain,2022-06-29 23:14:13
449,Port Moresby,PG,-9.4431,147.1797,80.35,69,16,0.31,few clouds,2022-06-29 23:12:56
450,Chufarovo,RU,54.0963,47.3367,48.61,88,5,5.28,clear sky,2022-06-29 23:14:14
451,Burnie,AU,-41.0667,145.9167,49.95,76,14,5.1,few clouds,2022-06-29 23:14:16
452,Xichang,CN,27.8964,102.2634,64.54,88,85,2.3,overcast clouds,2022-06-29 23:14:16
453,Gat,IL,31.61,34.7642,75.81,61,0,5.53,clear sky,2022-06-29 23:14:16
454,Razole,IN,16.4833,81.8333,82.85,74,100,9.35,overcast clouds,2022-06-29 23:14:17
455,Los Llanos De Aridane,ES,28.6585,-17.9182,67.75,90,100,18.41,overcast clouds,2022-06-29 23:15:17
456,Fort Nelson,CA,58.8053,-122.7002,81.73,24,69,6.85,broken clouds,2022-06-29 23:15:06
457,Cocobeach,GA,1.0002,9.5823,76.42,88,92,12.97,overcast clouds,2022-06-29 23:15:18
458,Hojai,IN,26.0,92.8667,73.96,96,82,3.2,broken clouds,2022-06-29 23:15:19
459,Kavaratti,IN,10.5669,72.642,82.53,78,100,22.62,overcast clouds,2022-06-29 23:15:19
460,Montrose,US,38.4166,-108.2673,81.81,19,17,15.86,few clouds,2022-06-29 23:15:20
461,Snyder,US,32.7179,-100.9176,94.08,22,0,8.05,clear sky,2022-06-29 23:15:20
462,Dong Hoi,VN,17.4833,106.6,82.54,75,100,5.99,moderate rain,2022-06-29 23:15:21
463,Salalah,OM,17.0151,54.0924,84.29,89,75,5.75,broken clouds,2022-06-29 23:15:22
464,Bairiki,KI,1.3292,172.9752,80.6,89,75,11.5,light rain,2022-06-29 23:15:22
465,Miranda,CO,3.2499,-76.2281,71.78,84,35,1.63,scattered clouds,2022-06-29 23:15:16
466,Abrego,CO,8.0807,-73.2205,65.77,94,93,5.19,overcast clouds,2022-06-29 23:15:23
467,Westport,US,41.1415,-73.3579,80.94,60,0,13.8,clear sky,2022-06-29 23:14:53
468,Umm Lajj,SA,25.0213,37.2685,83.43,58,66,6.29,broken clouds,2022-06-29 23:14:55
469,Mouila,GA,-1.8685,11.0559,72.77,87,100,2.53,overcast clouds,2022-06-29 23:15:24
470,Atar,MR,20.5169,-13.0499,94.46,18,0,8.08,clear sky,2022-06-29 23:15:25
471,Hoquiam,US,46.9809,-123.8893,64.96,74,0,10.36,clear sky,2022-06-29 23:11:04
472,Carahue,CL,-38.7,-73.1667,44.33,95,5,3.4,clear sky,2022-06-29 23:15:26
473,Aksu,CN,41.1231,80.2644,79.07,27,22,4.36,few clouds,2022-06-29 23:15:26
474,Sioux Lookout,CA,50.1001,-91.917,65.8,50,92,10.29,moderate rain,2022-06-29 23:11:33
475,Port Augusta,AU,-32.5,137.7667,49.1,86,6,6.42,clear sky,2022-06-29 23:15:27
476,San Quintin,MX,30.4833,-115.95,76.21,56,6,12.57,clear sky,2022-06-29 23:15:28
477,Cartagena Del Chaira,CO,1.3349,-74.8429,74.07,95,62,2.08,broken clouds,2022-06-29 23:15:28
478,Porto Novo,BJ,6.4965,2.6036,76.86,90,100,9.51,light rain,2022-06-29 23:14:21
479,San Jose,US,37.3394,-121.895,87.26,44,0,12.66,clear sky,2022-06-29 23:15:12
480,Novikovo,RU,51.1537,37.8879,59.29,79,100,3.83,overcast clouds,2022-06-29 23:15:29
481,Bela,IN,25.9333,81.9833,79.5,88,100,5.41,overcast clouds,2022-06-29 23:15:29
482,Dubai,AE,25.2582,55.3047,93.13,55,0,4.61,clear sky,2022-06-29 23:10:43
483,Adigeni,GE,41.6819,42.6987,55.85,95,25,2.17,scattered clouds,2022-06-29 23:15:30
484,Suntar,RU,62.1444,117.6319,63.68,72,88,5.79,overcast clouds,2022-06-29 23:15:30
485,Topchanchi,IN,23.9,86.2,78.28,88,100,1.12,overcast clouds,2022-06-29 23:15:31
486,Paamiut,GL,61.994,-49.6678,37.96,97,100,14.7,moderate rain,2022-06-29 23:15:31
487,Bani Walid,LY,31.7566,13.9942,84.22,25,1,4.23,clear sky,2022-06-29 23:15:32
488,Kota Belud,MY,6.351,116.4305,78.31,80,100,5.26,overcast clouds,2022-06-29 23:15:32
489,Kathu,TH,7.9178,98.3332,87.75,82,100,21.05,light rain,2022-06-29 23:15:33
490,Bom Jesus,BR,-9.0744,-44.3586,74.01,38,19,3.49,few clouds,2022-06-29 23:15:33
491,Lindi,TZ,-10.0,39.7167,64.53,96,52,4.03,broken clouds,2022-06-29 23:15:33
492,Petropavlovka,RU,50.6114,105.3196,66.51,83,57,3.04,broken clouds,2022-06-29 23:15:34
493,Shimoda,JP,34.6667,138.95,80.96,78,96,8.46,overcast clouds,2022-06-29 23:15:34
494,Majene,ID,-3.5403,118.9707,77.95,88,100,6.13,overcast clouds,2022-06-29 23:15:35
495,Meiktila,MM,20.8667,95.8667,77.65,82,100,10.25,overcast clouds,2022-06-29 23:15:35
496,Tallahassee,US,30.4383,-84.2807,85.68,82,75,4.61,broken clouds,2022-06-29 23:11:16
497,Hovd,MN,48.0056,91.6419,67.41,29,25,6.11,scattered clouds,2022-06-29 23:15:36
498,Liverpool,GB,53.4106,-2.9779,57.88,93,75,5.75,broken clouds,2022-06-29 23:13:11
499,Navirai,BR,-23.065,-54.1906,57.49,87,2,5.1,clear sky,2022-06-29 23:15:36
500,Olinda,BR,-8.0089,-34.8553,73.13,94,75,16.11,broken clouds,2022-06-29 23:15:24
501,Carutapera,BR,-1.195,-46.02,76.41,88,20,6.89,few clouds,2022-06-29 23:16:37
502,Palauig,PH,15.435,119.9045,80.42,84,100,14.34,moderate rain,2022-06-29 23:16:37
503,Buala,SB,-8.145,159.5921,84.13,72,13,11.52,light rain,2022-06-29 23:16:38
504,Sebinkarahisar,TR,40.2883,38.4236,55.08,84,23,0.31,few clouds,2022-06-29 23:16:39
505,Kruisfontein,ZA,-34.0033,24.7314,56.8,42,38,6.13,scattered clouds,2022-06-29 23:16:39
506,Chai Badan,TH,15.2,101.1333,79.36,82,99,6.17,overcast clouds,2022-06-29 23:16:39
507,Port Lincoln,AU,-34.7333,135.8667,57.04,70,97,15.7,overcast clouds,2022-06-29 23:15:06
508,Mandalgovi,MN,45.7625,106.2708,70.09,42,77,13.09,broken clouds,2022-06-29 23:16:40
509,Cadillac,US,44.2519,-85.4012,77.79,43,0,3.44,clear sky,2022-06-29 23:16:40
510,Chaihe,CN,44.7667,129.7,64.51,94,100,0.78,overcast clouds,2022-06-29 23:16:41
511,Maebaru,JP,33.55,130.2,83.88,77,13,4.61,few clouds,2022-06-29 23:16:41
512,Saint-Joseph,RE,-21.3667,55.6167,62.98,76,52,12.84,broken clouds,2022-06-29 23:16:42
513,Yermakovskoye,RU,53.2831,92.4003,62.28,73,66,0.98,broken clouds,2022-06-29 23:16:42
514,Buenaventura,CO,3.8801,-77.0312,77.29,91,70,2.37,broken clouds,2022-06-29 23:16:42
515,Inta,RU,66.0317,60.1659,38.64,83,99,13.96,overcast clouds,2022-06-29 23:16:43
516,Deer Lake,CA,49.1667,-57.4316,64.6,64,2,3.47,clear sky,2022-06-29 23:15:00
517,Tabas,IR,33.5959,56.9244,90.18,15,0,4.5,clear sky,2022-06-29 23:16:43
518,Arica,CL,-18.475,-70.3042,62.15,77,100,4.61,overcast clouds,2022-06-29 23:16:44
519,Nemuro,JP,43.3236,145.575,52.34,90,54,8.32,broken clouds,2022-06-29 23:16:44
520,Anton Lizardo,MX,19.05,-95.9833,87.22,70,17,8.28,few clouds,2022-06-29 23:16:45
521,Ruiru,KE,-1.1606,36.9567,60.03,82,75,11.5,broken clouds,2022-06-29 23:16:45
522,Storslett,NO,69.7678,21.0247,57.2,94,100,3.44,overcast clouds,2022-06-29 23:16:46
523,Port-Gentil,GA,-0.7193,8.7815,75.16,83,75,10.36,broken clouds,2022-06-29 23:16:46
524,Flers,FR,48.7372,-0.5747,52.05,96,78,3.65,broken clouds,2022-06-29 23:16:46
525,Roma,US,43.2128,-75.4557,73.72,59,40,9.22,scattered clouds,2022-06-29 23:13:01
526,Sao Gabriel Da Cachoeira,BR,-0.1303,-67.0892,73.9,95,85,2.39,overcast clouds,2022-06-29 23:16:47
527,Ranong,TH,9.9658,98.6348,75.13,86,94,11.59,overcast clouds,2022-06-29 23:16:48
528,Yar-Sale,RU,66.8333,70.8333,41.41,70,100,21.05,overcast clouds,2022-06-29 23:16:48
529,Marienburg,PL,54.0359,19.0266,64.89,95,70,3.24,broken clouds,2022-06-29 23:16:49
530,Karratha,AU,-20.7377,116.8463,61.66,40,0,22.86,clear sky,2022-06-29 23:16:49
531,Rabo De Peixe,PT,37.8,-25.5833,67.28,66,20,6.91,few clouds,2022-06-29 23:16:49
532,Kapit,MY,2.0167,112.9333,72.7,99,92,1.1,overcast clouds,2022-06-29 23:16:50
533,Sovetskiy,RU,61.3614,63.5842,42.8,82,77,7.27,broken clouds,2022-06-29 23:16:50
534,Nelson Bay,AU,-32.7167,152.15,55.99,93,72,5.99,broken clouds,2022-06-29 23:16:51
535,Hirado,JP,33.3597,129.5531,76.75,88,2,12.88,clear sky,2022-06-29 23:16:51
536,Ojo Caliente,MX,22.5708,-102.2519,77.74,33,100,12.91,overcast clouds,2022-06-29 23:16:52
537,Bosaso,SO,11.2842,49.1816,90.43,41,15,23.87,few clouds,2022-06-29 23:16:52
538,Lamar,US,33.6668,-95.5836,90.64,20,0,4.61,clear sky,2022-06-29 23:16:52
539,Touros,BR,-5.1989,-35.4608,75.83,88,59,13.15,broken clouds,2022-06-29 23:16:53
540,Berdigestyakh,RU,62.0989,126.6992,61.92,84,89,7.61,overcast clouds,2022-06-29 23:16:53
541,Mandera,KE,3.9366,41.867,75.99,55,50,16.82,scattered clouds,2022-06-29 23:16:53
542,Ulaanbaatar,MN,47.9077,106.8832,64.53,63,75,6.71,broken clouds,2022-06-29 23:16:54
543,Japura,ID,-0.3167,102.35,73.0,98,98,2.21,moderate rain,2022-06-29 23:16:54
544,Bekeshevskaya,RU,44.1139,42.4269,59.34,87,74,3.4,broken clouds,2022-06-29 23:16:55
545,Vostok,RU,46.4856,135.8833,69.28,71,100,0.38,overcast clouds,2022-06-29 23:16:55
546,Atambua,ID,-9.1061,124.8925,73.36,90,93,4.83,overcast clouds,2022-06-29 23:16:56
547,Santa Cruz,BO,-17.8,-63.1667,69.85,60,0,5.75,clear sky,2022-06-29 23:13:46
548,Wanning,CN,18.8003,110.3967,79.54,89,99,3.74,overcast clouds,2022-06-29 23:16:56
549,Bonnyville,CA,54.2668,-110.735,61.92,74,85,10.16,light rain,2022-06-29 23:17:56
550,Punta De Piedra,VE,7.6176,-71.4916,76.39,93,100,1.66,overcast clouds,2022-06-29 23:17:57
551,Nalut,LY,30.3333,10.85,90.16,10,0,8.37,clear sky,2022-06-29 23:17:57
552,Sao Jose Da Coroa Grande,BR,-8.8978,-35.1478,75.02,85,82,9.73,light rain,2022-06-29 23:17:58
553,Lake Havasu City,US,34.4839,-114.3224,113.61,15,0,17.27,clear sky,2022-06-29 23:17:29
554,Kikwit,CD,-5.041,18.8162,71.98,41,80,1.95,broken clouds,2022-06-29 23:17:58
555,Neepawa,CA,50.2289,-99.4664,70.2,75,100,10.25,overcast clouds,2022-06-29 23:15:03
556,Tacuati,PY,-23.45,-56.5833,58.51,76,0,2.24,clear sky,2022-06-29 23:17:59
557,Saint-Louis,SN,16.3333,-15.0,89.83,38,18,16.8,few clouds,2022-06-29 23:17:59
558,Bima,ID,-8.4667,118.7167,77.02,88,90,5.19,overcast clouds,2022-06-29 23:18:00
559,Luganville,VU,-15.5333,167.1667,79.34,85,72,13.49,broken clouds,2022-06-29 23:18:00
560,Urdoma,RU,61.7533,48.5442,50.74,61,68,8.79,broken clouds,2022-06-29 23:18:01
561,Liberal,US,37.0431,-100.921,95.14,26,0,21.85,clear sky,2022-06-29 23:16:56
562,Xinqing,CN,48.2333,129.5,69.53,86,30,2.68,scattered clouds,2022-06-29 23:18:01
563,Log,RU,49.4844,43.8613,57.6,60,78,5.08,broken clouds,2022-06-29 23:18:02
564,Dhidhdhoo,MV,6.8833,73.1,81.19,78,100,21.41,overcast clouds,2022-06-29 23:18:02
565,Presidencia Roque Saenz Pena,AR,-26.7852,-60.4388,53.44,70,0,6.78,clear sky,2022-06-29 23:18:03
566,Severomuysk,RU,56.1481,113.4267,62.71,71,54,2.75,broken clouds,2022-06-29 23:18:03
567,Beloha,MG,-25.1667,45.05,59.52,88,1,7.05,clear sky,2022-06-29 23:18:04
568,Alto Araguaia,BR,-17.3147,-53.2153,67.26,42,0,2.55,clear sky,2022-06-29 23:18:05
569,Yenotayevka,RU,47.2456,47.0281,63.97,44,0,11.41,clear sky,2022-06-29 23:18:05
570,Zemio,CF,5.0314,25.1361,67.55,91,76,1.77,light rain,2022-06-29 23:18:06
571,Ternate,ID,0.8,127.4,81.0,79,22,4.97,few clouds,2022-06-29 23:18:06
572,Shirokiy,RU,49.758,129.523,70.68,86,1,8.93,clear sky,2022-06-29 23:18:07
573,Sozopol,BG,42.4167,27.7,66.54,78,0,5.61,clear sky,2022-06-29 23:18:07
574,Orlik,RU,52.5178,99.825,55.69,83,13,1.43,few clouds,2022-06-29 23:18:08
575,Launceston,AU,-41.45,147.1667,45.16,97,40,12.66,scattered clouds,2022-06-29 23:16:23
576,Nishihara,JP,26.1842,127.7558,83.86,79,75,14.97,light intensity shower rain,2022-06-29 23:18:09
577,Antalaha,MG,-14.9003,50.2788,68.27,88,79,10.85,light rain,2022-06-29 23:18:09
578,Manchester,GB,53.4809,-2.2374,58.59,90,40,2.3,scattered clouds,2022-06-29 23:18:09
579,Cornwall,CA,45.0181,-74.7281,69.04,88,40,6.91,scattered clouds,2022-06-29 23:18:10
580,Saint-Augustin,CA,51.226,-58.6502,62.19,68,6,8.99,clear sky,2022-06-29 23:18:10
581,Inuvik,CA,68.3499,-133.7218,61.66,67,75,5.75,broken clouds,2022-06-29 23:18:11
582,Kutum,SD,14.2,24.6667,76.23,49,64,6.22,broken clouds,2022-06-29 23:18:11
583,Neiafu,TO,-18.65,-173.9833,79.95,80,99,17.43,overcast clouds,2022-06-29 23:18:12
584,Evensk,RU,61.95,159.2333,56.07,73,27,2.28,scattered clouds,2022-06-29 23:18:14
585,Slobodskoy,RU,58.7322,50.1772,46.02,80,87,5.88,overcast clouds,2022-06-29 23:18:02
586,Cayenne,GF,4.9333,-52.3333,75.24,1,0,1.14,light rain,2022-06-29 23:18:14
587,Rawah,IQ,34.4816,41.9093,89.02,18,0,9.48,clear sky,2022-06-29 23:18:15
588,Broome,US,42.2506,-75.833,76.69,50,0,10.36,clear sky,2022-06-29 23:18:16
589,Haines Junction,CA,60.7522,-137.5108,75.15,43,46,3.44,scattered clouds,2022-06-29 23:18:16
590,Karatau,KZ,43.1667,70.4667,79.25,28,54,13.56,broken clouds,2022-06-29 23:18:17
591,Matara,LK,5.9485,80.5353,78.8,88,67,12.86,broken clouds,2022-06-29 23:18:17
592,Adre,TD,13.4667,22.2,78.75,55,54,6.58,broken clouds,2022-06-29 23:18:18
593,Gobabis,NA,-22.45,18.9667,50.45,58,71,12.17,broken clouds,2022-06-29 23:18:18
594,Melfort,CA,52.8667,-104.6177,62.73,63,100,12.66,overcast clouds,2022-06-29 23:18:19
595,Beira,MZ,-19.8436,34.8389,68.09,88,40,8.05,scattered clouds,2022-06-29 23:18:19
596,Ipora,BR,-16.4419,-51.1178,69.58,39,0,0.45,clear sky,2022-06-29 23:19:20
597,Akhnur,IN,32.8667,74.7333,90.63,52,2,8.05,clear sky,2022-06-29 23:19:20
598,Soledar,UA,48.6794,38.089,62.44,59,77,6.93,broken clouds,2022-06-29 23:19:21
599,Jutai,BR,-5.1833,-68.9,75.96,78,80,1.97,broken clouds,2022-06-29 23:19:21
600,Boyolangu,ID,-8.1181,111.8935,73.33,93,98,2.33,light rain,2022-06-29 23:19:22
601,Tulum,MX,20.2167,-87.4667,84.22,63,3,6.2,clear sky,2022-06-29 23:19:22
602,Warri,NG,5.5167,5.75,74.64,95,100,5.1,light rain,2022-06-29 23:19:22
603,Vilcun,CL,-38.65,-72.2333,41.74,96,29,2.71,scattered clouds,2022-06-29 23:19:23
604,Jasper,US,37.2001,-94.3502,90.55,35,0,6.91,clear sky,2022-06-29 23:19:23
605,San Vicente,AR,-26.6167,-54.1333,45.97,90,0,2.01,clear sky,2022-06-29 23:19:24
606,Lastoursville,GA,-0.8143,12.7287,74.48,85,97,1.99,overcast clouds,2022-06-29 23:19:25
607,Lazaro Cardenas,MX,17.9583,-102.2,85.12,66,99,5.28,overcast clouds,2022-06-29 23:19:25
608,Sanford,US,28.8006,-81.2731,89.89,70,20,11.5,few clouds,2022-06-29 23:19:26
609,Comodoro Rivadavia,AR,-45.8667,-67.5,37.26,70,0,10.36,clear sky,2022-06-29 23:18:07
610,Kropotkin,RU,45.4375,40.5756,65.3,49,14,10.69,few clouds,2022-06-29 23:19:27
611,Assiniboia,CA,49.6334,-105.9845,76.82,25,3,31.07,clear sky,2022-06-29 23:19:27
612,Den Helder,NL,52.9599,4.7593,63.99,90,20,5.01,mist,2022-06-29 23:19:28
613,Kant,IN,27.8,79.8,81.79,79,97,11.32,heavy intensity rain,2022-06-29 23:19:28
614,Kawalu,ID,-7.3817,108.2082,68.68,86,82,1.7,broken clouds,2022-06-29 23:19:28
615,Srandakan,ID,-7.9386,110.2506,74.55,81,95,2.06,overcast clouds,2022-06-29 23:19:29
616,Ciechanow,PL,52.8814,20.62,65.41,95,34,7.38,scattered clouds,2022-06-29 23:19:29
617,Jacareacanga,BR,-6.2222,-57.7528,76.82,59,75,0.81,broken clouds,2022-06-29 23:19:30
618,Yambio,SS,4.5721,28.3955,66.25,97,82,2.68,broken clouds,2022-06-29 23:19:30
619,Rawson,AR,-43.3002,-65.1023,43.36,64,22,15.01,few clouds,2022-06-29 23:19:30
620,Jumla,NP,29.2747,82.1838,63.28,95,100,2.48,overcast clouds,2022-06-29 23:19:31
621,Shrewsbury,GB,52.7101,-2.7521,58.3,94,75,3.44,broken clouds,2022-06-29 23:19:31
622,Huarmey,PE,-10.0681,-78.1522,64.94,76,0,8.97,clear sky,2022-06-29 23:19:32
623,Adrar,MR,20.5022,-10.0711,92.57,16,0,12.01,clear sky,2022-06-29 23:19:32
624,Morondava,MG,-20.2833,44.2833,65.44,66,0,8.37,clear sky,2022-06-29 23:19:33
625,Logan Lake,CA,50.4998,-120.8025,55.24,78,100,3.74,overcast clouds,2022-06-29 23:15:20
626,Ocampo,MX,21.65,-101.5,73.11,32,84,17.94,broken clouds,2022-06-29 23:19:20
627,Esperance,AU,-33.8667,121.9,55.89,74,92,9.6,overcast clouds,2022-06-29 23:19:33
628,Clarence Town,AU,-32.5833,151.7833,56.8,64,93,3.8,overcast clouds,2022-06-29 23:17:36
629,Padang,ID,-0.9492,100.3543,71.65,90,100,7.85,overcast clouds,2022-06-29 23:17:26
630,Bambanglipuro,ID,-7.95,110.2833,74.19,82,91,1.9,overcast clouds,2022-06-29 23:19:34
631,Road Town,VG,18.4167,-64.6167,84.29,79,40,12.66,scattered clouds,2022-06-29 23:19:34
632,Iracoubo,GF,5.4802,-53.2011,73.27,94,100,4.09,overcast clouds,2022-06-29 23:19:35
633,Siilinjarvi,FI,63.0833,27.6667,59.02,88,0,1.14,clear sky,2022-06-29 23:19:35
634,Reading,GB,51.4562,-0.9711,59.54,78,0,6.91,clear sky,2022-06-29 23:15:39
635,Vikesa,NO,58.6376,6.0913,59.88,72,64,5.53,broken clouds,2022-06-29 23:19:36
636,Machilipatnam,IN,16.1667,81.1333,84.07,73,100,12.15,overcast clouds,2022-06-29 23:19:36
637,Bukama,CD,-9.2,25.85,66.38,49,42,2.24,scattered clouds,2022-06-29 23:19:37
638,Mayo,US,38.8876,-76.5119,86.94,67,0,10.36,clear sky,2022-06-29 23:19:37
639,Mankato,US,44.1636,-93.9994,92.39,43,20,17.27,few clouds,2022-06-29 23:19:38
640,Tahta,EG,26.7693,31.5021,83.89,35,0,7.65,clear sky,2022-06-29 23:19:38
641,Bafq,IR,31.6128,55.4107,88.47,10,1,1.83,clear sky,2022-06-29 23:19:38
642,Virginia Beach,US,36.8529,-75.978,83.01,59,75,8.05,broken clouds,2022-06-29 23:18:40
643,Port Shepstone,ZA,-30.7414,30.455,59.81,46,0,7.11,clear sky,2022-06-29 23:19:39
644,Zhireken,RU,52.8249,117.3076,75.13,54,70,2.59,broken clouds,2022-06-29 23:20:39
645,Chato,TZ,-2.6378,31.7669,67.96,52,81,6.31,broken clouds,2022-06-29 23:20:40
646,Nuevo Progreso,MX,23.1667,-97.95,84.54,69,51,1.99,broken clouds,2022-06-29 23:20:40
647,Moose Factory,CA,51.2585,-80.6094,68.0,52,40,11.5,scattered clouds,2022-06-29 23:20:41
648,Karangampel,ID,-6.4622,108.4519,73.17,71,60,5.28,broken clouds,2022-06-29 23:20:41
649,Bhatkal,IN,13.9667,74.5667,79.05,88,100,10.94,light rain,2022-06-29 23:20:41
650,Jimenez,MX,28.3333,-105.4,80.42,44,66,17.67,broken clouds,2022-06-29 23:20:42
651,Nova Olimpia,BR,-14.7972,-57.2881,72.52,52,35,1.5,scattered clouds,2022-06-29 23:20:43
652,Henties Bay,NA,-22.116,14.2845,72.95,35,7,20.49,clear sky,2022-06-29 23:19:30
653,Rocha,UY,-34.4833,-54.3333,50.16,83,100,8.52,overcast clouds,2022-06-29 23:20:43
654,Vanimo,PG,-2.6741,141.3028,81.55,75,66,6.26,broken clouds,2022-06-29 23:20:44
655,Danjiangkou,CN,32.5428,111.5086,78.57,75,0,3.06,clear sky,2022-06-29 23:20:44
656,Camacha,PT,33.0833,-16.3333,63.82,72,40,18.41,scattered clouds,2022-06-29 23:20:44
657,Gillette,US,44.2911,-105.5022,78.87,53,75,5.99,light rain,2022-06-29 23:20:05
658,Muroto,JP,33.2833,134.15,78.85,85,1,6.29,clear sky,2022-06-29 23:20:18
659,Natal,BR,-5.795,-35.2094,73.62,94,0,4.61,clear sky,2022-06-29 23:20:45
660,Hamirpur,IN,25.95,80.15,82.13,72,99,9.28,overcast clouds,2022-06-29 23:20:46
661,Quibdo,CO,5.6947,-76.6611,77.18,93,61,3.38,broken clouds,2022-06-29 23:20:46
662,Naivasha,KE,-0.7167,36.4359,50.59,95,5,3.47,clear sky,2022-06-29 23:20:46
663,Alhaurin El Grande,ES,36.643,-4.6873,67.86,96,0,2.3,clear sky,2022-06-29 23:20:47
664,Searcy,US,35.2506,-91.7363,89.6,25,0,5.39,clear sky,2022-06-29 23:16:36
665,Rybachiy,RU,48.7073,44.7449,58.57,47,0,6.71,clear sky,2022-06-29 23:20:47
666,Victor Harbor,AU,-35.5667,138.6167,55.99,84,15,1.99,few clouds,2022-06-29 23:20:48
667,Vardo,NO,70.3705,31.1107,73.38,56,31,13.8,scattered clouds,2022-06-29 23:20:48
668,Chapais,CA,49.7834,-74.8492,58.78,43,62,8.21,broken clouds,2022-06-29 23:20:49
669,Ewa Beach,US,21.3156,-158.0072,85.95,60,40,16.11,light rain,2022-06-29 23:17:35
670,Cap-Aux-Meules,CA,47.3821,-61.8597,64.45,82,75,11.5,broken clouds,2022-06-29 23:20:49
671,Shingu,JP,33.7333,135.9833,82.94,67,7,4.76,clear sky,2022-06-29 23:20:50
672,Pilar,BR,-9.5972,-35.9567,73.33,88,39,3.44,scattered clouds,2022-06-29 23:20:50
673,Hastings,GB,50.8552,0.5729,59.79,98,100,5.41,overcast clouds,2022-06-29 23:20:50
674,Paita,PE,-5.0892,-81.1144,65.17,78,2,17.18,clear sky,2022-06-29 23:20:51
675,Katherine,AU,-14.4667,132.2667,61.12,82,100,11.5,overcast clouds,2022-06-29 23:20:51
676,Bafia,CM,4.75,11.2333,68.02,99,99,2.62,light rain,2022-06-29 23:20:52
677,Grand Gaube,MU,-20.0064,57.6608,66.6,70,90,18.28,overcast clouds,2022-06-29 23:20:52
678,Assos,GR,37.9333,22.8333,76.26,55,0,2.73,clear sky,2022-06-29 23:20:52
679,Port Hedland,AU,-20.3167,118.5667,59.05,44,0,13.8,clear sky,2022-06-29 23:20:53
680,Jiuquan,CN,39.7432,98.5174,74.16,32,94,10.71,overcast clouds,2022-06-29 23:20:53
681,Ponta Delgada,PT,37.7333,-25.6667,68.5,82,20,6.91,few clouds,2022-06-29 23:20:54
682,Ereymentau,KZ,51.6199,73.1033,44.1,77,66,8.59,broken clouds,2022-06-29 23:20:54
683,Chemal,RU,51.4111,86.005,60.6,71,100,5.28,overcast clouds,2022-06-29 23:20:54
684,Miri,MY,4.4148,114.0089,77.14,94,40,4.61,scattered clouds,2022-06-29 23:20:55
685,Bacabal,BR,-4.2917,-44.7917,79.38,74,97,3.8,overcast clouds,2022-06-29 23:20:55
686,Lucapa,AO,-8.4192,20.7447,62.83,44,4,5.03,clear sky,2022-06-29 23:20:56
687,Bar-Le-Duc,FR,48.75,5.1667,59.38,71,49,3.62,scattered clouds,2022-06-29 23:20:56
688,Batasan,PH,12.7667,120.7833,80.11,85,100,14.16,moderate rain,2022-06-29 23:20:57
689,Bell Ville,AR,-32.6259,-62.6887,55.67,51,42,7.9,scattered clouds,2022-06-29 23:20:57
690,Shushenskoye,RU,53.325,91.9356,63.36,75,69,2.77,broken clouds,2022-06-29 23:20:58
691,Tanout,NE,14.9709,8.8879,87.58,35,94,4.29,light rain,2022-06-29 23:20:58
692,Mbour,SN,14.422,-16.9638,77.85,77,57,11.3,broken clouds,2022-06-29 23:21:58
693,Chapleau,CA,47.8405,-83.4034,64.49,42,75,5.75,broken clouds,2022-06-29 23:21:59
694,Villa Maria,AR,-32.4075,-63.2402,54.82,67,16,8.59,few clouds,2022-06-29 23:21:59
695,Sete,FR,43.4018,3.6966,71.94,83,4,1.92,clear sky,2022-06-29 23:17:10
696,Staicele,LV,57.8364,24.75,64.35,97,43,5.7,scattered clouds,2022-06-29 23:22:00
697,Antofagasta,CL,-23.65,-70.4,58.28,89,18,0.27,few clouds,2022-06-29 23:22:00
698,Fuyang,CN,32.9,115.8167,82.4,65,4,2.37,clear sky,2022-06-29 23:22:01
699,Tuy Hoa,VN,13.0833,109.3,81.59,75,100,11.41,moderate rain,2022-06-29 23:22:02
700,Jalu,LY,29.0331,21.5482,84.79,34,0,12.01,clear sky,2022-06-29 23:22:02
701,Planeta Rica,CO,8.4147,-75.5883,78.76,88,43,7.76,scattered clouds,2022-06-29 23:22:03
702,Augusto Correa,BR,-1.0217,-46.635,75.09,92,6,3.18,clear sky,2022-06-29 23:22:03
703,Lewisporte,CA,49.2499,-55.0482,71.31,72,21,3.89,few clouds,2022-06-29 23:22:03
704,Ostersund,SE,63.1792,14.6357,61.25,82,20,13.0,few clouds,2022-06-29 23:22:04
705,Kommunisticheskiy,RU,61.6789,64.4819,41.45,83,51,8.68,broken clouds,2022-06-29 23:22:04
706,Puerto Santander,CO,8.3636,-72.4063,78.21,91,99,1.28,overcast clouds,2022-06-29 23:22:05
707,Bose,IT,45.4612,8.0137,71.74,83,21,5.35,few clouds,2022-06-29 23:22:05
